,title,time,src,content,forward,like,comment
0,外交部发言人办公室,2020/11/14 10:49,微博 weibo.com,【双语】例行记者会/Regular Press Conference（2020-11-13）  #跟我看外交# #与发言人相约蓝厅#  °【双语】例行记者会/Regular Press Conferenc...,16,87,15
1,外交部发言人办公室,2020/11/13 21:07,微博视频,【汪文斌：#中非合作论坛成为引领中非合作的旗帜，践行多边主义的楷模，坚持互利共赢的典范#】“外交部发言人办公室”消息，在11月13日外交部例行记者会上，有记者问：昨天，中方举办了中非合作论坛成立20周年纪念招待会。中方如何评价20年来中非合作论坛对促进中非友好与合作发挥的作用？当前形势下， ...展开全文c,22,248,13
2,外交部发言人办公室,2020/11/13 18:58,微博视频,"【汪文斌：#任何损害中国核心利益、干涉中国内政的行径都会遭到中方坚决回击#】“外交部发言人办公室”消息，在11月13日外交部例行记者会上，有记者问：据报道，美国务卿蓬佩奥11月12日接受采访时称，台湾不是中国的一部分。中方对此有何评论？
汪文斌：世界上只有一个中国，台湾是中国领土不可分 ...展开全文c",57,402,47
3,外交部发言人办公室,2020/11/13 18:47,微博 weibo.com,#中国―东盟（10+1）领导人会议取得丰硕成果# #跟我看外交# #与发言人相约蓝厅#  °中国―东盟（10+1）领导人会议取得丰硕成果,12,184,9
4,外交部发言人办公室,2020/11/13 17:46,微博视频,"【汪文斌：#难道英国、澳大利亚指望港人不认同“一国”，不效忠国家和特区吗？#】“外交部发言人办公室”消息，在11月13日外交部例行记者会上，有记者问：关于中国全国人大常委会通过关于香港特别行政区立法会议员资格问题的决定，英国昨天称这一决定违反了《中英联合声明》。中方有何回应？
汪文 ...展开全文c",54,467,63
5,外交部发言人办公室,2020/11/13 10:31,微博 weibo.com,【双语】例行记者会/Regular Press Conference（2020-11-12）   #跟我看外交# #与发言人相约蓝厅#       °【双语】例行记者会/Regular Press Conferenc...,26,134,20
6,外交部发言人办公室,2020/11/12 19:00,微博视频,【汪文斌：#巴西监管机构允许科兴公司恢复新冠疫苗临床试验#】#跟我看外交##与发言人相约蓝厅# @人民视频  L外交部发言人办公室的微博视频,19,238,22
7,外交部发言人办公室,2020/11/12 18:12,微博视频,【汪文斌：#一切挑动对抗和分裂、倒退回冷战年代的言行都不得人心。#】#跟我看外交##与发言人相约蓝厅#  L外交部发言人办公室的微博视频,38,381,24
8,外交部发言人办公室,2020/11/12 18:02,微博 weibo.com,汪文斌：#中澳关系要走出困境，关键在于澳方##跟我看外交##与发言人相约蓝厅#  °汪文斌：中澳关系要走出困境，关键在于澳方,20,255,19
9,外交部发言人办公室,2020/11/12 17:54,微博视频,"【汪文斌：#少数西方国家指责第一没有资格，第二没有道理，第三没有市场#】“外交部发言人办公室”消息，在11月12日外交部例行记者会上，有记者问：在4名香港立法会反对派议员资格丧失后，美国警告称将继续对中方实施制裁，英、德等国也批评中方的决定。外交部对此有何回应？
汪文斌：少数几个国家 ...展开全文c",117,490,54
10,外交部发言人办公室,2020/11/12 10:34,微博 weibo.com,【双语】例行记者会/Regular Press Conference（2020-11-11）   #跟我看外交# #与发言人相约蓝厅#      °【双语】例行记者会/Regular Press Conferenc...,23,128,19
11,外交部发言人办公室,2020/11/11 21:52,360安全浏览器,【汪文斌：#香港特区立法会议员资格问题纯属中国内政#】“外交部发言人办公室”消息，在11月11日外交部例行记者会上，有记者问：十几名香港立法会民主派议员将在今天晚些时候举行记者会宣布集体辞职，这是他们对中国全国人大常委会通过关于香港特区立法会议员资格问题的决定作出的回应。中方对此有何评 ...展开全文c,178,960,113
12,外交部发言人办公室,2020/11/11 20:58,360安全浏览器,【汪文斌：#进博会传递各国加强合作、推动世界经济复苏的坚定信心#】“外交部发言人办公室”消息，在11月11日外交部例行记者会上，有记者问：第三届中国国际进口博览会昨天已闭幕。在当前新冠肺炎疫情继续蔓延的特殊背景下，本届进博会各国参展踊跃，累计意向成交726.2亿美元，同比增长2.1%，交出了一 ...展开全文c,18,277,评论
13,外交部发言人办公室,2020/11/11 10:20,微博 weibo.com,【双语】例行记者会/Regular Press Conference（2020-11-10）   #跟我看外交# #与发言人相约蓝厅#    °【双语】例行记者会/Regular Press Conferenc...,19,139,24
14,外交部发言人办公室,2020/10/30 10:50,微博 weibo.com,【双语】例行记者会/Regular Press Conference（2020-10-29）#跟我看外交# #与发言人相约蓝厅#  °【双语】例行记者会/Regular Press Conferenc...,16,130,33
15,外交部发言人办公室,2020/10/29 18:19,微博视频,【美称将终止《关于建立中美省州长论坛以促进地方合作的谅解备忘录》汪文斌：#新麦卡锡主义#】#跟我看外交##与发言人相约蓝厅#@人民视频  L外交部发言人办公室的微博视频,24,301,44
16,外交部发言人办公室,2020/10/29 18:10,微博 weibo.com,汪文斌：#将疫情政治化只会削弱国际社会共同抗疫资源##跟我看外交##与发言人相约蓝厅#@人民视频  °汪文斌：将疫情政治化只会削弱国际社会共同抗...,6,218,10
17,外交部发言人办公室,2020/10/29 18:09,微博视频,【#中方致力于为全球减贫事业贡献中国智慧#】“外交部发言人办公室”消息，在10月29日外交部例行记者会上，有记者问：在新冠肺炎疫情肆虐全球之际，国际消除贫困工作面临严峻挑战，发展中国家返贫现象加剧。许多发展中国家希望能够分享中国的减贫经验。今后一个时期，中国在推进国际减贫事业中能够发挥 ...展开全文c,21,236,评论
18,外交部发言人办公室,2020/10/29 18:03,微博 weibo.com,汪文斌：#抹黑破坏中美间正常交往合作不会得逞##跟我看外交##与发言人相约蓝厅#@人民视频   °汪文斌：抹黑破坏中美间正常交往合作不会得逞,15,185,23
19,外交部发言人办公室,2020/10/29 17:18,微博视频,"【汪文斌：#美国不要沦为犯罪分子的“避罪天堂”#】“外交部发言人办公室”消息，在10月29日外交部例行记者会上，有记者问：美方称，有8人因参与中国“猎狐行动”被起诉，并称“猎狐行动”是非法的，已有5人于周三被捕。请问外交部对此有何评论？
汪文斌：打击跨国犯罪、开展国际追逃追赃是正义事 ...展开全文c",186,898,121
20,外交部发言人办公室,2020/10/29 11:27,微博 weibo.com,【双语】例行记者会/Regular Press Conference（2020-10-28）#跟我看外交# #与发言人相约蓝厅#   °【双语】例行记者会/Regular Press Conferenc...,22,156,34
21,外交部发言人办公室,2020/10/28 18:12,微博视频,【#中方抗疫举措卓有成效#】“外交部发言人办公室”消息，在10月28日外交部例行记者会上，有记者问：新疆在查出几例新冠肺炎无症状感染者后开展大规模核酸检测。有些传染病学家认为没有必要。但与此同时，我们也看到美国等一些国家的新冠肺炎确诊人数居高不下。中方是否建议其他国家也开展大规模核酸检 ...展开全文c,35,499,53
22,外交部发言人办公室,2020/10/28 18:10,微博视频,【#中国吸引FDI逆势增长#　汪文斌：世界对中国发展的信任票，中国推进改革开放的成绩单】“外交部发言人办公室”消息，在10月28日外交部例行记者会上，有记者问：联合国贸易和发展会议27日发布报告显示，今年上半年全球外国直接投资（FDI）同比下滑49%，流入中国的FDI规模相对保持了韧性。该组织官员还 ...展开全文c,28,278,19
23,外交部发言人办公室,2020/10/28 18:03,微博视频,"【蓬佩奥再鼓吹“中国威胁”　汪文斌：#不过是“蓬氏谎言”的陈词滥调#】
“外交部发言人办公室”消息，在10月28日外交部例行记者会上，有记者问：美国务卿蓬佩奥27日接受印度媒体采访，再次攻击中国和中国共产党，声称整个世界都面临中国实现其民族复兴志向的挑战。中方对此有何评论？
汪文斌：蓬 ...展开全文c",199,668,91
24,外交部发言人办公室,2020/10/28 11:03,微博 weibo.com,【双语】例行记者会/Regular Press Conference（2020-10-27）#跟我看外交# #与发言人相约蓝厅#  °【双语】例行记者会/Regular Press Conferenc...,23,148,33
25,外交部发言人办公室,2020/10/27 18:18,微博视频,"【美国批准向台湾地区售武　汪文斌： #中方将采取正当必要措施 坚定捍卫国家主权和安全利益#】“外交部发言人办公室”消息，在10月27日外交部例行记者会上，有记者问：美国周一宣布批准向台湾地区出售100套“鱼叉”海岸防御系统，总价值约24亿美元。中方对此有何评论？
汪文斌：美国向台湾地区出售 ...展开全文c",172,747,128
26,外交部发言人办公室,2020/10/27 18:15,微博 weibo.com,汪文斌：#中方愿同周边国家共同提升联防联控水平##跟我看外交##与发言人相约蓝厅# @人民视频 °汪文斌：中方愿同周边国家共同提升联防联控水平,11,229,11
27,外交部发言人办公室,2020/10/27 18:12,微博视频,【#中非人文交流取得累累硕果# 】“外交部发言人办公室”消息，在10月27日外交部例行记者会上，有记者问：据报道，第五届中非青年大联欢26日在北京开幕。大联欢活动是中非合作论坛框架下最具活力的品牌活动。今年适逢中非合作论坛20周年，你能否介绍20年来中非在人文交流领域取得了哪些成果？对未来有 ...展开全文c,20,316,25
28,外交部发言人办公室,2020/10/20 18:16,搜狗高速浏览器,"【赵立坚：“发办”微信公众号已经陪伴“发小”走过了1000多个日日夜夜】“外交部发言人办公室”消息，10月20日外交部例行记者会上，赵立坚表示：昨天我向大家介绍了外交部发言人办公室账号喜讯。今天我高兴地看到，“发办”抖音账号增加了近百万粉丝。感谢大家的大力支持！
自2011年外交小灵通新 ...展开全文c",54,646,115
29,外交部发言人办公室,2020/10/20 18:12,搜狗高速浏览器,"【赵立坚：中国经济逆势上扬正向拉动全球经济复苏】“外交部发言人办公室”消息，在10月20日外交部例行记者会上，有记者问：中国国家统计局10月19日公布的数据显示，中国前三季度经济同比增长0.7%，引发各界广泛关注。请问中国经济逆势上扬对世界经济复苏意味着什么？
赵立坚：这当然是个好消息。 ...展开全文c",290,600,176
30,外交部发言人办公室,2020/10/20 18:10,搜狗高速浏览器,【赵立坚：所谓“强迫劳动”滑天下之大稽】“外交部发言人办公室”消息，在10月20日外交部例行记者会上，有记者问：10月19日，美国务院网站消息，美国务卿蓬佩奥就监测和打击人口贩运发表声明，指责中方在涉疆和宗教问题上的作法，包括“强迫劳动”，并称将继续就有关问题向中国政府施压。中方对此有何 ...展开全文c,38,349,51
31,外交部发言人办公室,2020/10/20 18:07,搜狗高速浏览器,【赵立坚：会有越来越多像巴基斯坦这样的国家发出正义之声】“外交部发言人办公室”消息，在10月20日外交部例行记者会上，有记者问：近日，巴基斯坦总理国家安全特别助理尤素福接受媒体采访时表示，巴代表团曾赴新疆实地参观，了解了新疆的情况，亲眼见证新疆各族人民享受平等合法权利，过着幸福生活。 ...展开全文c,30,373,26
32,外交部发言人办公室,2020/10/20 18:05,搜狗高速浏览器,【赵立坚：美国有些人对中国纯粹是酸葡萄心理】“外交部发言人办公室”消息，在10月20日外交部例行记者会上，有记者问：美国进出口银行董事长兼总裁里德17日发表文章称，十多年来，中国共产党一直采用窃取知识产权、强制技术转让、大规模倾销和操纵汇率等手段无情地攻击美经济。近来中方利用出口融资来 ...展开全文c,32,819,37
33,外交部发言人办公室,2020/10/20 17:48,微博 weibo.com,赵立坚：美方应立即停止利用涉藏问题干涉中国内政#跟我看外交##与发言人相约蓝厅# °赵立坚：美方应立即停止利用涉藏问题干涉中国...,12,264,18
34,外交部发言人办公室,2020/10/20 10:29,微博 weibo.com,【双语】例行记者会/Regular Press Conference（2020-10-19）#跟我看外交##与发言人相约蓝厅#  °【双语】例行记者会/Regular Press Conferenc...,36,165,37
35,外交部发言人办公室,2020/10/19 20:39,微博视频,【报道称中国驻斐济外交官殴打所谓台湾“外交官”  赵立坚：台在斐济哪里有所谓“外交官”？】#跟我看外交# #与发言人相约蓝厅# @人民视频  L外交部发言人办公室的微博视频,64,725,100
36,外交部发言人办公室,2020/10/19 20:29,微博视频,【赵立坚：臭名昭著的“麦卡锡主义”正死灰复燃。】#跟我看外交# #与发言人相约蓝厅# @人民视频  L外交部发言人办公室的微博视频,35,398,13
37,外交部发言人办公室,2020/10/19 20:21,微博视频,"【赵立坚感谢抖友、发小厚爱】“外交部发言人办公室”消息，在10月19日外交部例行记者会最后，赵立坚表示：我愿同大家分享一个好消息。“外交部发言人办公室”抖音账号近来喜提千万粉丝，受到越来越多网友的喜爱。
在此，我感谢大家，特别是抖友、发小的厚爱，希望大家继续关注和支持外交部中文及 ...展开全文c",34,601,49
38,外交部发言人办公室,2020/10/19 20:12,微博视频,"【赵立坚：来而不往非礼也，还原美损害环境斑斑劣迹】“外交部发言人办公室”消息，在10月19日外交部例行记者会上，有记者问：我们注意到，今天上午外交部网站上发布了《美国损害环境事实清单》和《美国损害全球环境治理报告》两份文件。能否进一步介绍有关情况？
赵立坚：来而不往非礼也。美国个 ...展开全文c",39,449,38
39,外交部发言人办公室,2020/10/19 20:08,微博视频,"【赵立坚：中国驻加拿大大使言论完全正当、无可非议！】“外交部发言人办公室”消息，在10月19日外交部例行记者会上，有记者问：加拿大反对党领袖要求中国驻加大使就他关于加拿大在港公民安全的表态道歉，你对此有何回应？
赵立坚：中国驻加拿大大使日前接受媒体采访，应询就中加关系以及涉港、涉 ...展开全文c",28,310,26
40,外交部发言人办公室,2020/10/19 20:03,微博视频,【赵立坚：对美国“肮脏网络”说不】“外交部发言人办公室”消息，在10月19日外交部例行记者会上，有记者问：一段时间以来，美国大肆鼓吹“清洁网络”计划，企图借此打压中国高科技企业。同时我们注意到，欧洲竞争电信协会（ECTA）日前发布消息，谴责出于地缘政治原因对中国5G供应商的任何禁令，强调只 ...展开全文c,29,303,25
41,外交部发言人办公室,2020/10/19 19:55,微博 weibo.com,赵立坚：中国脱贫攻坚对世界具有积极意义#跟我看外交# #与发言人相约蓝厅# @人民视频   °赵立坚：中国脱贫攻坚对世界具有积极意义,31,241,15
42,外交部发言人办公室,2020/10/17 9:23,微博 weibo.com,【双语】例行记者会/Regular Press Conference（2020-10-16）#跟我看外交##与发言人相约蓝厅# °【双语】例行记者会/Regular Press Conferenc...,27,202,42
43,外交部发言人办公室,2020/10/10 11:07,微博 weibo.com,【双语】例行记者会/Regular Press Conference（2020-10-9）#跟我看外交##与发言人相约蓝厅# °【双语】例行记者会/Regular Press Conferenc...,34,187,54
44,外交部发言人办公室,2020/10/9 21:17,搜狗高速浏览器,"【美方指责中国“破坏环境”　华春莹：美方哪来的自信和资格指责中方？！】“外交部发言人办公室”消息，在10月9日外交部例行记者会上，有记者问：近期，美方多次公开指责中方“破坏环境的行为”，外交部对此有何回应？
华春莹：近期，美方除了在疫情、涉疆、涉港等问题上指责中国之外，还在环境问题上 ...展开全文c",174,845,129
45,外交部发言人办公室,2020/10/9 21:15,搜狗高速浏览器,"【华春莹：新疆各族人民轻松欢乐的笑脸是对新疆人权状况的最好说明】“外交部发言人办公室”消息，在10月9日外交部例行记者会上，有记者问：上周，巴基斯坦代表55国在联合国大会第三委员会上就涉港问题做共同发言时表示，香港事务纯属中国内政。中方有何评论？
华春莹：10月5日至8日，第75届联合国 ...展开全文c",114,736,74
46,外交部发言人办公室,2020/10/9 20:28,微博 weibo.com,"华春莹：21万鲜活生命的失去还不足以唤醒美方政客的良知吗？　#跟我看外交# #与发言人相约蓝厅#
°华春莹：21万鲜活生命的失去还不足以唤醒美方...",188,1122,176
47,外交部发言人办公室,2020/10/9 20:24,微博 weibo.com,华春莹：中美之间的分歧是正义与恶意、单边与多边的问题　#跟我看外交# #与发言人相约蓝厅# °华春莹：中美之间的分歧是正义与恶意、单边与...,36,340,30
48,外交部发言人办公室,2020/10/9 20:20,微博 weibo.com,王毅国务委员密集外交活动涉及7个东盟国家　华春莹：充分体现中方对深化同东盟国家友好关系的真诚意愿和坚定决心　#跟我看外交# #与发言人相约蓝厅# °王毅国务委员密集外交活动涉7个东盟国家,21,285,22
49,外交部发言人办公室,2020/10/1 10:51,微博 weibo.com,【双语】例行记者会/Regular Press Conference（2020-9-30）#跟我看外交# #与发言人相约蓝厅#  °【双语】例行记者会/Regular Press Conferenc...,31,372,152
50,外交部发言人办公室,2020/9/30 21:20,360安全浏览器,"【汪文斌：祝我们伟大的祖国繁荣富强！】
明天我们将迎来中华人民共和国成立71周年和中秋佳节。根据2020年国庆节、中秋节放假安排，外交部例行记者会将于10月1日至8日休会，10月9日（周五）恢复。休会期间，外交部发言人办公室将照常通过传真、邮件、微信接受记者提问。
借此机会，感谢各位记 ...展开全文c",163,1812,157
51,外交部发言人办公室,2020/9/30 19:19,360安全浏览器,【世行上调今年中国经济增速预期　汪文斌：中国经济加快复苏将为全球复苏注入更多动力】“外交部发言人办公室”消息，在9月30日外交部例行记者会上，有记者问：世界银行28日发布东亚和太平洋地区经济报告，将今年中国经济增速预期上调至2%，比6月预期上调一个百分点。世行并结合疫苗问世、经济持续复苏 ...展开全文c,30,350,22
52,外交部发言人办公室,2020/9/30 19:17,360安全浏览器,"【汪文斌：中方一定会把疫苗作为全球公共产品以公平合理的价格向世界提供】“外交部发言人办公室”消息，在9月30日外交部例行记者会上，有记者问：近日有媒体报道，中国疫苗定价明显高于欧美疫苗。请问发言人对此有何评论？
汪文斌：这种说法没有依据。为应对全球新冠肺炎疫情，中国正在加紧推进疫 ...展开全文c",32,385,43
53,外交部发言人办公室,2020/9/30 19:14,360安全浏览器,【美共和、民主两党总统候选人首场电视辩论多次提及中国 汪文斌：反对美方人员在竞选中拿中国说事】“外交部发言人办公室”消息，在9月30日外交部例行记者会上，有记者问：美国共和、民主两党总统候选人特朗普总统和前副总统拜登举行了首场电视辩论，两位候选人谈及经济政策、疫情应对等问题时都提及了 ...展开全文c,21,258,24
54,外交部发言人办公室,2020/9/30 18:37,微博 weibo.com,中方同阿拉伯国家联盟举行中阿卫生专家视频会议#跟我看外交# #与发言人相约蓝厅#  °中方同阿拉伯国家联盟举行中阿卫生专家视频会议,4,140,4
55,外交部发言人办公室,2020/9/30 10:37,微博 weibo.com,【双语】例行记者会/Regular Press Conference（2020-9-29）#跟我看外交#与发言人相约蓝厅#  °【双语】例行记者会/Regular Press Conferenc...,26,124,25
56,外交部发言人办公室,2020/9/29 19:37,微博 weibo.com,中国第19批维和工兵分队赴黎巴嫩执行灾后重建援助任务#跟我看外交# #与发言人相约蓝厅#  °中国第19批维和工兵分队赴黎巴嫩执行灾后重建...,12,235,26
57,外交部发言人办公室,2020/9/22 23:26,搜狗高速浏览器,"【汪文斌：中国所罗门群岛关系开局良好，再次彰显一个中国原则是人心所向、大势所趋】“外交部发言人办公室”消息，在9月22日外交部例行记者会上，有记者问：9月21日，中国驻所罗门群岛使馆举行了开馆仪式。中方如何评价中所建交一年来两国关系取得的进展？对未来有何期待？
汪文斌：9月21日，在中 ...展开全文c",19,229,12
58,外交部发言人办公室,2020/9/22 23:22,搜狗高速浏览器,【北京冬奥会倒计时500天　汪文斌：一定会成为一届非凡、精彩、卓越的盛会】“外交部发言人办公室”消息，在9月22日外交部例行记者会上，有记者问：2022年北京冬奥会进入倒计时500天，国际奥委会主席巴赫表示，他期待着见证北京举办一次历史性盛会，成为全球首座“双奥”之城。中方对此有何回应？能否 ...展开全文c,17,261,20
59,外交部发言人办公室,2020/9/22 11:30,微博 weibo.com,【双语】例行记者会/Regular Press Conference（2020-9-21）#跟我看外交# #与发言人相约蓝厅# °【双语】例行记者会/Regular Press Conferenc...,24,133,29
60,外交部发言人办公室,2020/9/21 21:17,微博视频,【汪文斌：加方在孟晚舟事件上所作所为导致了两国关系现在的困难局面】“外交部发言人办公室”消息，在9月21日外交部例行记者会上，有记者问：据报道，加拿大外交部前领事司司长帕迪日前组织逾百名加前外交官联名致信特鲁多总理，呼吁加政府释放孟晚舟以换取加公民康明凯、迈克尔返加。帕表示，加中之 ...展开全文c,38,448,41
61,外交部发言人办公室,2020/9/21 21:11,微博视频,"【汪文斌：美方炒作所谓新疆“强迫劳动”问题是典型的假新闻】“外交部发言人办公室”消息，在9月21日外交部例行记者会上，有记者问：近一个时期，美国多名政府高官多次就新疆“强迫劳动”问题指责中方，美国还出台了制裁新疆企业的措施。请问中方对此有何评论？
汪文斌：新疆事务纯属中国内政，美 ...展开全文c",26,344,48
62,外交部发言人办公室,2020/9/21 21:05,微博视频,"【汪文斌：美方根本没有要求安理会启动对伊朗“快速恢复制裁”机制的权力】“外交部发言人办公室”消息，在9月21日外交部例行记者会上，有记者问：美方9月19日单方面宣布，鉴于美8月20日致函要求安理会启动对伊朗“快速恢复制裁”机制，安理会全部对伊制裁已经恢复。中方对此有何评论？
汪文斌：最 ...展开全文c",23,249,22
63,外交部发言人办公室,2020/9/21 21:00,微博视频,"【汪文斌：中方愿与各国一道，携手共建一个充满生机、清洁美丽的世界！】“外交部发言人办公室”消息，在9月21日外交部例行记者会上，有记者问：我们注意到外交部网站刊登了标题为《共建地球生命共同体：中国在行动》的联合国生物多样性峰会中方立场文件，能否介绍相关情况？
汪文斌：联合国将于9 ...展开全文c",24,223,8
64,外交部发言人办公室,2020/9/21 20:51,微博视频,【汪文斌：任何损害中方核心利益、干涉中国内政的行径都会遭到中方有力回击】“外交部发言人办公室”消息，在9月21日外交部例行记者会上，有记者问：据报道，美国副国务卿克拉奇9月17日至19日访台，其间会见台地区领导人蔡英文等人，并参加李登辉追思活动。此系今年8月美卫生及公众服务部长阿扎访台后 ...展开全文c,32,292,20
65,外交部发言人办公室,2020/9/19 12:03,微博 weibo.com,【双语】例行记者会/Regular Press Conference（2020-9-18） #跟我看外交# #与发言人相约蓝厅# °【双语】例行记者会/Regular Press Conferenc...,36,895,75
66,外交部发言人办公室,2020/9/11 20:13,微博 weibo.com,上合组织应坚决防止世界重回“丛林时代” #跟我看外交##与发言人相约蓝厅# °上合组织应坚决防止世界重回“丛林时代”,13,256,16
67,外交部发言人办公室,2020/9/11 10:28,微博 weibo.com,【双语】例行记者会/Regular Press Conference（2020-9-10）#跟我看外交##与发言人相约蓝厅#   °【双语】例行记者会/Regular Press Conferenc...,26,158,33
68,外交部发言人办公室,2020/9/10 21:20,微博 weibo.com,美政客抹黑中国渔船公海作业　赵立坚：扰乱视听 挑拨离间 用心险恶　#跟我看外交##与发言人相约蓝厅#  °美政客抹黑中国渔船公海作业　赵立坚：扰乱视...,16,305,30
69,外交部发言人办公室,2020/9/10 21:19,360安全浏览器,【赵立坚：澳方应尊重事实　摒弃虚伪和“双标”】“外交部发言人办公室”消息，在9月10日外交部例行记者会上，有记者问：据《悉尼晨锋报》报道，澳政府高级别消息人士称，澳情报机构对中国记者的“问询”完全符合正常程序，与澳驻华记者“被迫离境”无法相提并论。澳方还称中方采取“人质外交”的极端 ...展开全文c,35,360,32
70,外交部发言人办公室,2020/9/10 21:14,360安全浏览器,"【美方称《人民日报》拒发美驻华大使文章　赵立坚：发表文章是假，设局栽赃是真】“外交部发言人办公室”消息，在9月10日外交部例行记者会上，有记者问：美国国务卿蓬佩奥今天发推特称，中国共产党抱怨美对华缺乏公平和对等,但中国大使可在任何美国媒体自由发表文章，而中国共产党却拒绝在《人民日报》 ...展开全文c",56,499,95
71,外交部发言人办公室,2020/9/10 21:07,微博 weibo.com,中德欧领导人视频会晤将举行　赵立坚：中欧关系大有可为　#跟我看外交##与发言人相约蓝厅# °中德欧领导人视频会晤将举行　赵立坚：中欧关...,13,232,15
72,外交部发言人办公室,2020/9/10 10:51,微博 weibo.com,【双语】例行记者会/Regular Press Conference（2020-9-9）#跟我看外交##与发言人相约蓝厅#  °【双语】例行记者会/Regular Press Conferenc...,20,157,25
73,外交部发言人办公室,2020/9/9 20:10,360安全浏览器,【王毅将赴俄罗斯出席上海合作组织成员国外长理事会会议并对俄罗斯、哈萨克斯坦、吉尔吉斯斯坦、蒙古国进行访问】“外交部发言人办公室”消息，在9月9日外交部例行记者会上，赵立坚首先宣布：应俄罗斯外长拉夫罗夫、哈萨克斯坦外长特列乌别尔季、吉尔吉斯斯坦外长艾达尔别科夫、蒙古国外长恩赫泰旺邀请 ...展开全文c,24,343,39
74,外交部发言人办公室,2020/9/9 19:51,360安全浏览器,"【澳安全情报人员对中国驻澳媒体记者突击搜查　赵立坚：立即停止野蛮无理行径！】“外交部发言人办公室”消息，在9月9日外交部例行记者会上，有记者问：据报道，今年6月，澳大利亚安全情报人员对3家中国驻澳媒体的4名记者进行了突击搜查，并扣押工作电脑、手机等物品。中方能否证实？对此有何评论？
...展开全文c",25,331,62
75,外交部发言人办公室,2020/9/9 19:48,360安全浏览器,【赵立坚：美方所谓“新闻自由”不过是任意抹黑、打压中国媒体记者的借口】“外交部发言人办公室”消息，在9月9日外交部例行记者会上，有记者问：美国务院发言人奥特加斯8日发推特称，美国务院多年来一直致力于说服中国允许美国记者返华，给予美媒体恢复正常运营的自由，并停止对外国记者进行恐吓和骚 ...展开全文c,32,406,45
76,外交部发言人办公室,2020/9/9 10:53,微博 weibo.com,【双语】例行记者会/Regular Press Conference（2020-9-8）#跟我看外交##与发言人相约蓝厅#   °【双语】例行记者会/Regular Press Conferenc...,21,154,29
77,外交部发言人办公室,2020/9/8 22:01,微博 weibo.com,美政客诬称中国操纵湄公河水资源　赵立坚：美方破坏澜湄合作早已不是新鲜事 #跟我看外交##与发言人相约蓝厅#   °赵立坚：美方破坏澜湄合作早已不是新鲜事,25,357,41
78,外交部发言人办公室,2020/9/8 21:51,搜狗高速浏览器,【世卫组织称世界可借鉴中国抗疫经验　赵立坚：愿同各国共同打赢全球公共卫生保卫战】“外交部发言人办公室”消息，在9月8日外交部例行记者会上，有记者问：据报道，7日，世卫组织总干事高级顾问艾尔沃德在新闻发布会上表示，中国成功控制住疫情，值得庆贺。他呼吁世界借鉴中国抗疫采取的三大关键措施 ...展开全文c,31,423,评论
79,外交部发言人办公室,2020/9/8 21:49,微博 weibo.com,中方提出《全球数据安全倡议》　赵立坚：将本着开放、包容态度，听取各方有益建议 #跟我看外交##与发言人相约蓝厅#   °赵立坚：将本着开放、包容态度，听取各方有益...,22,273,21
80,外交部发言人办公室,2020/9/8 21:44,微博 weibo.com,赵立坚：应对数据安全挑战，走互信共治之路 #跟我看外交##与发言人相约蓝厅#    °赵立坚：应对数据安全挑战，走互信共治之路,10,226,11
81,外交部发言人办公室,2020/8/31 20:42,微博 weibo.com,赵立坚介绍中国抗疫医疗专家组在几内亚工作情况  #跟我看外交##与发言人相约蓝厅#  °赵立坚介绍中国抗疫医疗专家组在几内亚工作情况,18,353,33
82,外交部发言人办公室,2020/8/31 20:39,搜狗高速浏览器,【蓬佩奥诬称中国漠视环境保护　赵立坚：劝他好好照照镜子】“外交部发言人办公室”消息，在8月31日外交部例行记者会上，有记者问：美国国务卿蓬佩奥29日发推特称，中国共产党的经济有太多是建立在对空气、土地和水质的肆意漠视之上的。中国人民和世界应该得到更好的待遇。中国对全球近30%的塑料污染负 ...展开全文c,188,685,103
83,外交部发言人办公室,2020/8/31 20:36,搜狗高速浏览器,【捷克参议院议长执意访台　赵立坚：必须为其公开挑衅和政治投机付出沉重代价】“外交部发言人办公室”消息，在8月31日外交部例行记者会上，有记者问：捷克参议院议长率领代表团正在台湾“访问”，国务委员兼外交部长王毅回应时表示，中国政府和中国人民决不会听之任之、坐视不管，一定要让其为自己的 ...展开全文c,48,574,158
84,外交部发言人办公室,2020/8/31 20:32,搜狗高速浏览器,【奥布莱恩指责中国政治制度、渲染中国威胁　赵立坚：轮不到美政客指手画脚】“外交部发言人办公室”消息，在8月31日外交部例行记者会上，有记者问：据报道，美国总统国家安全事务助理奥布莱恩8月28日参加美智库大西洋理事会访谈，在中国政治制度、涉台、涉港、南海等问题上指责中国，并鼓吹利用美同盟 ...展开全文c,34,433,63
85,外交部发言人办公室,2020/8/31 20:29,微博 weibo.com,诬称休斯敦总领馆关闭与中国留学生“签证欺诈”有关　赵立坚：美方种种恶行严重破坏中美关系 #跟我看外交##与发言人相约蓝厅# °赵立坚：美方种种恶行严重破坏中美关系,12,282,23
86,外交部发言人办公室,2020/8/31 20:20,搜狗高速浏览器,【美方企图对非美国企业搞经济霸凌和政治操弄　赵立坚：坚决反对政府胁迫交易】“外交部发言人办公室”消息，在8月31日外交部例行记者会上，有记者问：外交部能否证实有关“限制措施”意味着TikTok需要获得相关许可才能和美国公司达成收购协议？中方出台的技术出口新规包括字节跳动用在TikTok平台上的 ...展开全文c,49,337,26
87,外交部发言人办公室,2020/8/29 11:04,微博 weibo.com,【双语】例行记者会/Regular Press Conference（2020-8-28）#跟我看外交# #与发言人相约蓝厅# °【双语】例行记者会/Regular Press Conferenc...,37,268,67
88,外交部发言人办公室,2020/8/28 19:17,微博视频,【赵立坚：敦促美方客观理性看待中国和中美关系】“外交部发言人办公室”消息，在8月28日外交部例行记者会上，有记者问：美国总统特朗普刚刚在共和党全国代表大会发表了演讲，其中有谈及中国的内容。特朗普称，如果拜登胜选，中国就会“拥有”美国。但如果自己连任，美国将不再依赖中国，美国企业将会 ...展开全文c,49,504,48
89,外交部发言人办公室,2020/8/28 19:13,微博视频,"【美国防部声明称中方威胁南海地区和平安全　赵立坚：毫无根据 毫无道理】“外交部发言人办公室”消息，在8月28日外交部例行记者会上，有记者问：27日，美国国防部发表声明称，中国军方向南海有关海域发射导弹的行为对地区和平安全构成了威胁。中方对此有何评论？
赵立坚：中国军队在南海西沙群岛 ...展开全文c",40,404,51
90,外交部发言人办公室,2020/8/28 19:10,微博 weibo.com,赵立坚介绍RCEP部长级视频会议情况　#跟我看外交##与发言人相约蓝厅# °赵立坚介绍RCEP部长级视频会议情况,14,273,21
91,外交部发言人办公室,2020/8/28 11:00,微博 weibo.com,【双语】例行记者会/Regular Press Conference（2020-8-27）#跟我看外交# #与发言人相约蓝厅#  °【双语】例行记者会/Regular Press Conferenc...,37,1181,90
92,外交部发言人办公室,2020/8/27 20:05,360安全浏览器,【赵立坚：美方应倾听国内少数族裔的呼声】“外交部发言人办公室”消息，在8月27日外交部例行记者会上，有记者问：据报道，美国威斯康星州基诺沙市黑人男子布莱克遭警方射击引发的抗议示威活动已蔓延至美数地市。基市抗议示威活动已造成至少1人死亡，2人受伤，警方已逮捕11人。威州已宣布进入紧急状态 ...展开全文c,50,1958,126
93,外交部发言人办公室,2020/8/27 20:00,360安全浏览器,【赵立坚：蓬佩奥每一次开口，中国人民就更拥护中国共产党】“外交部发言人办公室”消息，在8月27日外交部例行记者会上，有记者问：25日，美国务卿蓬佩奥在共和党大会上发表视频演讲称，特朗普总统指出了中国共产党的“掠夺和侵略行为”，让中国为掩盖“中国病毒”并使其在全球扩散负责。在正义伸张前 ...展开全文c,104,1292,186
94,外交部发言人办公室,2020/8/27 19:50,360安全浏览器,【赵立坚：美国一些政客的“海盗行为”必将遭到国际社会的反对和抵制】“外交部发言人办公室”消息，在8月27日外交部例行记者会上，有记者问：据报道，26日上海美国商会公布的一项针对在沪美国公司的调查显示，近90%的受访企业认为美国政府对微信实施禁令将对其业务产生负面影响。超过三分之一的受访企 ...展开全文c,28,430,44
95,外交部发言人办公室,2020/8/27 19:46,360安全浏览器,"【美方以“参与南海军事化”为由制裁中企及人员　赵立坚：霸道逻辑 强权政治 】“外交部发言人办公室”消息，在8月27日外交部例行记者会上，有记者问：美国务院、商务部以“参与南海军事化”、“参与南海非法活动”为由宣布对参与南沙岛礁建设的中方企业及人员实施制裁。请问中方有何评论？
赵立坚 ...展开全文c",25,360,43
96,外交部发言人办公室,2020/8/19 20:24,360安全浏览器,【古特雷斯担忧中美关系紧张升级　赵立坚：中美关系遭遇严重困难责任不在中方】“外交部发言人办公室”消息，在8月19日外交部例行记者会上，有记者问：据报道，联合国秘书长古特雷斯18日表示，美国和中国的关系从来没有像今天这样失调，并警告称，两国之间不断升级的紧张关系可能会把世界分裂成两个集 ...展开全文c,56,589,88
97,外交部发言人办公室,2020/8/19 20:21,360安全浏览器,"【中欧班列再添新线路　赵立坚：为“钢铁驼队”点赞】“外交部发言人办公室”消息，在8月19日外交部例行记者会上，有记者问：据报道，8月18日下午，深圳“湾区号”中欧班列首次启航，从深圳出发驶向德国杜伊斯堡。你能否介绍一下疫情背景下中欧班列运行情况？
  　  赵立坚：我也注意到这一好消息。
   ...展开全文c",32,480,33
98,外交部发言人办公室,2020/8/19 19:14,微博 weibo.com,《武器贸易条约》第六次缔约国大会举行　赵立坚：祝贺开启与条约关系新篇章#跟我看外交# #与发言人相约蓝厅#  °赵立坚：祝贺开启与条约关系新篇章,15,288,26
99,外交部发言人办公室,2020/8/19 9:55,微博 weibo.com,【双语】例行记者会/Regular Press Conference（2020-8-18）#跟我看外交# #与发言人相约蓝厅#  °【双语】例行记者会/Regular Press Conferenc...,38,234,47
100,外交部发言人办公室,2020/8/18 19:17,微博视频,"【商务部对原产于澳大利亚的进口葡萄酒发起反倾销立案调查】“外交部发言人办公室”消息，在8月18日外交部例行记者会上，有记者问：据了解，中国商务部今天发布公告，对原产于澳大利亚的进口相关葡萄酒发起反倾销立案调查。中方对此有何评论？
赵立坚：这是一起正常的反倾销调查立案。经了解，中方 ...展开全文c",36,619,57
101,外交部发言人办公室,2020/8/18 19:11,微博 weibo.com,赵立坚：中阿相互支持 携手抗疫#跟我看外交# #与发言人相约蓝厅#    °赵立坚：中阿相互支持 携手抗疫,17,347,29
102,外交部发言人办公室,2020/8/18 19:08,微博视频,【美进一步打压华为　赵立坚：最大“黑客帝国”戳破了公平竞争的“遮羞布”】“外交部发言人办公室”消息，在8月18日外交部例行记者会上，有记者问：美国商务部宣布了对华为进一步限制措施，企图切断华为通过商业渠道获取芯片的能力，在5月对华为限制措施基础上将华为在21个国家的38家附属公司列入实体 ...展开全文c,113,679,135
103,外交部发言人办公室,2020/8/18 10:41,微博 weibo.com,【双语】例行记者会/Regular Press Conference（2020-8-17）#跟我看外交##与发言人相约蓝厅#  °【双语】例行记者会/Regular Press Conferenc...,45,234,41
104,外交部发言人办公室,2020/8/17 20:27,微博视频,"【荷兰动物园熊猫宝宝百日啦　赵立坚：期待“小可爱”成为中荷友好“小大使”】“外交部发言人办公室”消息，在8月17日外交部例行记者会上，有记者问：我们注意到，8月14日，荷兰欧维汉兹动物园为5月出生的熊猫幼崽举行了百日庆典暨命名仪式。你能否介绍更多情况？
赵立坚：8月14日，荷兰欧维汉兹 ...展开全文c",49,604,评论
105,外交部发言人办公室,2020/8/17 20:24,微博视频,【加法院将讨论孟晚舟案信息披露问题　赵立坚：支持拿起法律武器维护自身权益】“外交部发言人办公室”消息，在8月17日外交部例行记者会上，有记者问：据了解，加拿大不列颠哥伦比亚省高等法院将于当地时间8月17日就孟晚舟案举行庭审，讨论涉案证据信息披露问题。目前已公开的信息显示，加执法机构在策 ...展开全文c,43,517,58
106,外交部发言人办公室,2020/8/17 20:21,微博视频,【安理会未通过美延长对伊武器禁运决议草案　赵立坚：美国陷入空前孤立】“外交部发言人办公室”消息，在8月17日外交部例行记者会上，有记者问：14日，联合国安理会对美国提交的延长对伊朗武器禁运决议草案进行表决，决议草案未获通过。其中，中国、俄罗斯投了反对票，法国、英国、德国等11个国家投了 ...展开全文c,33,488,52
107,外交部发言人办公室,2020/8/17 20:19,微博视频,"【赵立坚：“国家安全”不过是美“数字炮舰政策”借口】“外交部发言人办公室”消息，在8月17日外交部例行记者会上，有记者问：14日，美国总统特朗普签署行政令，要求字节跳动公司在90天内剥离TikTok在美业务。特朗普称，有可信证据表明该公司可能采取威胁美国家安全的行动。中方对此有何评论？
赵 ...展开全文c",50,469,55
108,外交部发言人办公室,2020/8/15 10:43,微博 weibo.com,【双语】例行记者会/Regular Press Conference（2020-8-14）#跟我看外交# #与发言人相约蓝厅# °【双语】例行记者会/Regular Press Conferenc...,42,311,53
109,外交部发言人办公室,2020/8/14 22:20,微博 weibo.com,赵立坚：中方乐见有助于缓和中东地区国家紧张关系，促进地区和平稳定 #跟我看外交# #与发言人相约蓝厅# °赵立坚：中方乐见有助于缓和中东地区紧张关系...,26,489,43
110,外交部发言人办公室,2020/8/14 22:08,微博视频,"【非方高度评价中非团结抗疫特别峰会成果落实情况】“外交部发言人办公室”消息，在8月14日外交部例行记者会上，有记者问：我们注意到中非团结抗疫视频研讨会于近期举行。能否介绍研讨会有关情况及中非抗疫合作最新进展？
赵立坚：8月11日，联合国非洲经济委员会和中国驻非盟使团共同举办中非团结 ...展开全文c",32,406,评论
111,外交部发言人办公室,2020/8/5 21:22,360安全浏览器,"【美卫生部长阿扎将访台　汪文斌：任何无视、否定或挑战一个中国原则的企图都将以失败而告终】“外交部发言人办公室”消息，在8月5日外交部例行记者会上，有记者问：美国在台协会5日表示，美卫生与公众服务部部长阿扎将在未来几天内率团访问台湾。请问中方有何回应？
中方坚决反对美台官方往来，这 ...展开全文c",39,505,95
112,外交部发言人办公室,2020/8/5 21:19,微博 weibo.com,欧盟企业希成为中国发展故事一部分　汪文斌：相信包括欧洲在内的各国企业未来将书写更多在华发展成功故事#跟我看外交# #与发言人相约蓝厅#  °汪文斌：相信包括欧洲在内的各国企业未来将书...,15,337,36
113,外交部发言人办公室,2020/8/5 21:18,微博 weibo.com,“澳中关系国家基金会”成员受美国资助　汪文斌：不符合有关基金会成立的宗旨和初衷#跟我看外交# #与发言人相约蓝厅#  °汪文斌：不符合有关基金会成立的宗旨和初衷,17,239,28
114,外交部发言人办公室,2020/8/5 11:50,微博 weibo.com,【双语】例行记者会/Regular Press Conference（2020-8-4）  #跟我看外交# #与发言人相约蓝厅#    °【双语】例行记者会/Regular Press Conferenc...,36,253,50
115,外交部发言人办公室,2020/8/4 20:42,微博视频,【美境外生物军事化活动引发广泛质疑反对　汪文斌：放眼全球，只有美国满世界建生物实验室】“外交部发言人办公室”消息，在8月4日外交部例行记者会上，有记者问：一段时间以来，美国在其境外的生物军事化活动引发高度关注，质疑和反对的声音此起彼伏。例如近期韩国媒体连续曝光驻韩美军从事违反《禁止 ...展开全文c,108,718,87
116,外交部发言人办公室,2020/8/4 20:31,微博视频,"【汪文斌：中国与各国合作共赢的蛋糕将越做越大】“外交部发言人办公室”消息，在8月4日外交部例行记者会上，有记者问：近期，一些国家的少数政客鼓吹产业链“去中国化”，声称要给企业“搬家费”离开中国。你对此怎么看？
答：新冠肺炎疫情发生以来，中国率先控制住疫情，全面推进复工复产。中国 ...展开全文c",255,1148,142
117,外交部发言人办公室,2020/8/4 20:25,微博视频,【美退出《中导条约》一周年　汪文斌：美在毁约退群道路上越走越远】“外交部发言人办公室”消息，在8月4日外交部例行记者会上，有记者问：俄罗斯外交部3日就《中导条约》失效一周年发表声明称，美方退出该条约是“最严重的错误”。宣布退出《中导条约》后，美方立即采取的方针是尽快完成此前受该条约 ...展开全文c,45,406,37
118,外交部发言人办公室,2020/8/4 20:21,微博 weibo.com,汪文斌：中印团结合作将为世界增添稳定性和正能量 #跟我看外交##与发言人相约蓝厅#    °汪文斌：中印团结合作将为世界增添稳定性和正...,36,450,68
119,外交部发言人办公室,2020/8/4 10:48,微博 weibo.com,【双语】例行记者会/Regular Press Conference（2020-8-3） #跟我看外交# #与发言人相约蓝厅#  °【双语】例行记者会/Regular Press Conferenc...,33,253,47
120,外交部发言人办公室,2020/8/3 20:24,微博视频,"【美方宣布制裁新疆生产建设兵团及官员　汪文斌：中方坚决反对并予以强烈谴责】“外交部发言人办公室”消息，在8月3日外交部例行记者会上，有记者问：7月31日，美国国务院、财政部宣布对新疆生产建设兵团及2名官员实施制裁，美国务卿蓬佩奥发表声明批评中国治疆政策。中方对此有何评论？
汪文斌： ...展开全文c",106,960,204
121,外交部发言人办公室,2020/8/3 20:23,微博 weibo.com,美政府威胁对中国软件采取措施　汪文斌：暴露了美方的虚伪性和典型双重标准#跟我看外交##与发言人相约蓝厅#  °汪文斌：暴露了美方的虚伪性和典型双重标准,82,1004,214
122,外交部发言人办公室,2020/8/3 20:09,微博视频,【汪文斌：中韩抗疫合作树立国际典范】“外交部发言人办公室”消息，在8月3日外交部例行记者会上，有记者问：我们注意到，在刚刚过去的这个周末，中韩经贸联委会在青岛举行了第24次会议。这应该是疫情发生以来中方与外方首次面对面举行的政府间经贸合作机制会议。中方是否将同韩方开展更多类似面对面的 ...展开全文c,163,731,55
123,外交部发言人办公室,2020/8/3 20:04,微博 weibo.com,汪文斌：香港特区政府推迟立法会选举合情合理合法 #跟我看外交##与发言人相约蓝厅# °汪文斌：香港特区政府推迟立法会选举合情合理...,29,348,28
124,外交部发言人办公室,2020/8/3 19:56,微博视频,"【中方决定香港特区暂停港新《移交逃犯协定》和《刑事司法互助协定》】“外交部发言人办公室”消息，在8月3日外交部例行记者会上，外交部发言人汪文斌宣布：
近日，新西兰以中国制定香港特区维护国家安全法为借口，单方面宣布暂停与香港特区签订的《移交逃犯协定》。新方有关做法将对港司法合作政 ...展开全文c",39,490,57
125,外交部发言人办公室,2020/8/1 11:00,微博 weibo.com,【双语】例行记者会/Regular Press Conference（2020-7-31） #跟我看外交# #与发言人相约蓝厅#  °【双语】例行记者会/Regular Press Conferenc...,37,328,93
126,外交部发言人办公室,2020/7/23 22:56,360安全浏览器,"【汪文斌：中方将考虑不承认英国国民（海外）护照作为有效旅行证件】“外交部发言人办公室”消息，在7月23日外交部例行记者会上，有记者问：英国政府公布了英国国民（海外）护照（BNO）签证政策的实施细则，并计划于2021年初付诸实施。中方对此有何评论？
汪文斌：英方不顾中方严正交涉，执意在英 ...展开全文c",99,1118,138
127,外交部发言人办公室,2020/7/23 22:49,微博 weibo.com,汪文斌：中法关系达到很高水平　#跟我看外交##与发言人相约蓝厅# °汪文斌：中法关系达到很高水平,25,564,49
128,外交部发言人办公室,2020/7/23 22:43,微博 weibo.com,美方称中国外交官使用虚假身份　汪文斌：完全是在编造理由　#跟我看外交##与发言人相约蓝厅# °美方称中国外交官使用虚假身份　汪文斌：完全...,34,488,60
129,外交部发言人办公室,2020/7/23 22:21,微博 weibo.com,汪文斌：美方两次擅自开拆中方外交邮袋应受谴责　#跟我看外交##与发言人相约蓝厅# °汪文斌：美方两次擅自开拆中方外交邮袋应受谴责,39,512,62
130,外交部发言人办公室,2020/7/23 22:16,360安全浏览器,【汪文斌：美方要求关闭中国驻休斯敦总领馆是在拆中美人民友好的桥梁】“外交部发言人办公室”消息，在7月23日外交部例行记者会上，有记者问：7月22日，美国务卿蓬佩奥等美方高官声称，美方关闭中国驻休斯敦总领馆是针对中方多年来干涉美内政、偷窃美知识产权、开展商业间谍活动的回应，目的是“保护美 ...展开全文c,40,532,74
131,外交部发言人办公室,2020/7/23 11:34,微博 weibo.com,【双语】例行记者会/Regular Press Conference（2020-7-22）#跟我看外交# #与发言人相约蓝厅# °【双语】例行记者会/Regular Press Conferenc...,41,266,75
132,外交部发言人办公室,2020/7/22 20:38,360安全浏览器,"【蓬佩奥称美英对华正采取更加协调的行动　汪文斌：挑动意识形态对立同时代潮流格格不入】“外交部发言人办公室”消息，在7月22日外交部例行记者会上，有记者问：21日，美国国务卿蓬佩奥赞扬英国对华采取强硬立场，称美英正采取更加协调的行动，以团结一致应对中国共产党带来的威胁。你对此有何评论？
...展开全文c",114,969,167
133,外交部发言人办公室,2020/7/22 20:35,360安全浏览器,【美方公布电报称掌握新冠病毒来自武汉实验室“证据”　汪文斌：美方所谓“证据”和“真相”有多少含金量？】“外交部发言人办公室”消息，在7月22日外交部例行记者会上，有记者问：美方曾表示，掌握了新冠病毒源自武汉病毒研究所实验室的证据。据报道，日前美国务院公布了2018年美驻华使馆官员访问武 ...展开全文c,52,604,100
134,外交部发言人办公室,2020/7/22 20:33,360安全浏览器,美方要求中方关闭驻休斯敦总领馆　汪文斌：强烈谴责，中方必将作出正当必要反应  #跟我看外交# #与发言人相约蓝厅#  L外交部发言人办公室的微博视频,93,977,176
135,外交部发言人办公室,2020/7/22 15:58,微博 weibo.com,美方要求中方关闭驻休斯敦总领馆　汪文斌：强烈谴责，中方必将作出正当必要反应　#跟我看外交# #与发言人相约蓝厅# °汪文斌：强烈谴责，中方必将作出正当必要反应,2345,4040,676
136,外交部发言人办公室,2020/7/22 11:59,微博 weibo.com,【双语】例行记者会/Regular Press Conference（2020-7-21）#跟我看外交# #与发言人相约蓝厅#  °【双语】例行记者会/Regular Press Conferenc...,26,185,48
137,外交部发言人办公室,2020/7/21 21:54,微博视频,"【外媒称中方考虑反制诺基亚、爱立信等欧企　汪文斌：恶意捏造的假新闻】“外交部发言人办公室”消息，在7月21日外交部例行记者会上，有记者问：有欧洲媒体报道称，中国商务部正考虑对诺基亚、爱立信等欧洲企业进行报复和反制，如果其他欧洲国家也追随美英排除华为参与欧洲5G建设。中方能否予以证实？
...展开全文c",62,790,91
138,外交部发言人办公室,2020/7/21 21:51,微博视频,"【中方发布来华航班乘客凭核酸检测阴性证明登机公告】“外交部发言人办公室”消息，在7月21日外交部例行记者会上，有记者问：民航局、海关总署、外交部今天刚发布来华航班乘客凭新冠病毒核酸检测阴性证明登机的公告。请问中方实施远端核酸检测措施的考虑是什么？
汪文斌：核酸检测是目前各国普遍认 ...展开全文c",101,2387,510
139,外交部发言人办公室,2020/7/21 21:50,微博视频,"【英方宣布暂停同香港引渡协定　汪文斌：坚决反对并保留进一步反应权利】“外交部发言人办公室”消息，在7月21日外交部例行记者会上，有记者问：英国政府暂停了与香港的引渡协定，并且宣布对港武器禁运。中方对此有何回应？
汪文斌：英方有关涉港错误言论和举措严重违反国际法和国际关系基本准则， ...展开全文c",30,491,41
140,外交部发言人办公室,2020/7/21 19:08,微博 weibo.com,新西兰中国商业峰会成功举行　汪文斌：中新关系健康稳定发展符合两国根本利益  #跟我看外交##与发言人相约蓝厅#    °汪文斌：中新关系健康稳定发展符合两国根本利益,23,341,36
141,外交部发言人办公室,2020/7/11 10:26,微博 weibo.com,【双语】例行记者会/Regular Press Conference（2020-7-10）#跟我看外交# #与发言人相约蓝厅#  °【双语】例行记者会/Regular Press Conferenc...,35,295,72
142,外交部发言人办公室,2020/7/10 19:40,微博视频,【赵立坚：美方能邀请世卫专家赴美开展溯源调查吗？】“外交部发言人办公室”消息，在7月10日外交部例行记者会上，有记者问：美国务卿蓬佩奥称，虽然中方现在同意世卫组织来华就科学溯源问题进行预备性磋商，但中方要做的是应允许世卫组织真正自由地开展工作。我们需要一个真实的答案，而非敷衍的政治 ...展开全文c,559,3371,286
143,外交部发言人办公室,2020/7/10 19:30,微博视频,【赵立坚用乌尔都语祝福中巴友谊】　#跟我看外交# #与发言人相约蓝厅#  L外交部发言人办公室的微博视频,120,1864,197
144,外交部发言人办公室,2020/7/10 19:04,微博视频,【赵立坚：抹黑挑拨中非关系不会“让美国再次伟大”】“外交部发言人办公室”消息，在7月10日外交部例行记者会上，有记者问：美国务卿蓬佩奥近日称，美国对中俄与非洲国家开展经济合作感到不满，并称欧美国家才是“真正的合作伙伴”。蓬佩奥还称，美国向非洲国家提供人道援助，因为这么做是“正确之策 ...展开全文c,37,603,评论
145,外交部发言人办公室,2020/7/10 18:56,微博视频,"【美官员称中国“同意”参与军控谈判　赵立坚：揣着明白装糊涂】“外交部发言人办公室”消息，在7月10日外交部例行记者会上，有记者问：9日，美国务院发言人称，欢迎中国有关“同意”参与军控谈判的表态，将邀请中方参与下阶段三边谈判问题。中方有何评论？
赵立坚：看了美国国务院官员的声明，我 ...展开全文c",59,622,70
146,外交部发言人办公室,2020/7/10 18:50,微博视频,"【美方把中国新疆官员列入制裁名单　赵立坚：中方坚决反对　决定采取对等措施】“外交部发言人办公室”消息，在7月10日外交部例行记者会上，有记者问：9日，美国务卿蓬佩奥发表声明称，美方将部分新疆当地官员列入制裁名单。中方有何评论？
赵立坚：美方上述行径严重干涉中国内政，严重违反国际关 ...展开全文c",33,478,84
147,外交部发言人办公室,2020/7/10 10:37,微博 weibo.com,【双语】例行记者会/Regular Press Conference（2020-7-９）#跟我看外交##与发言人相约蓝厅#     °【双语】例行记者会/Regular Press Conferenc...,36,198,42
148,外交部发言人办公室,2020/7/9 20:11,微博视频,"【澳大利亚因香港国安法暂停同香港引渡协议　赵立坚：中方不吃这一套】“外交部发言人办公室”消息，在7月9日外交部例行记者会上，有记者问：澳大利亚总理今日称，因对中国实施香港国安法表示关切，宣布暂停澳大利亚与香港间的有关引渡协议，并延长在澳香港公民的签证期限。中方有何评论？
赵立坚 ...展开全文c",60,908,77
149,外交部发言人办公室,2020/7/9 20:07,微博视频,"【赵立坚：如果没有撒谎造谣，心虚什么？】“外交部发言人办公室”消息，在7月9日外交部例行记者会上，有记者问：据《环球时报》报道，中方有关部门正在考虑起诉德国学者郑国恩（Adrian Zenz）和澳大利亚战略政策研究所（ASPI），请问外交部发言人能否证实？
赵立坚：我注意到有关报道，也注意到郑 ...展开全文c",44,675,37
150,外交部发言人办公室,2020/7/9 20:05,微博视频,【赵立坚：中印边境局势总体稳定，趋向缓和】“外交部发言人办公室”消息，在7月9日外交部例行记者会上，有记者问：据报道，有知情人士称，在中印两军从中印边界西段完成脱离接触后，双方将举行联合核查，以评估撤军进程的落实。两国军队将举行广泛会谈，讨论恢复边境地区和平与安宁的方式。中方能否证 ...展开全文c,22,381,27
151,外交部发言人办公室,2020/7/9 20:03,微博视频,"【赵立坚：别再跟我们谈信誉、真相和责任】“外交部发言人办公室”消息，在7月9日外交部例行记者会上，有记者问：美国国务卿蓬佩奥8日接受采访时称，中国声称向世卫组织通报了疫情，但我们现在知道并非如此。中方存在严重信誉问题，没有告诉全世界有关新冠病毒的真相，应该被追责。你对此有何评论？
...展开全文c",229,1368,165
152,外交部发言人办公室,2020/7/9 10:45,微博 weibo.com,【双语】例行记者会/Regular Press Conference（2020-7-8）#跟我看外交##与发言人相约蓝厅#    °【双语】例行记者会/Regular Press Conferenc...,36,194,42
153,外交部发言人办公室,2020/7/8 20:05,微博视频,【赵立坚：FBI说的话你也能信？！】“外交部发言人办公室”消息，在7月8日外交部例行记者会上，有记者问：本周二，美国联邦调查局（FBI）局长雷（Christopher Wray）在演讲中称，中国是美国信息安全、知识产权及经济最大的长期威胁。FBI当前所有正在调查的案件中，近一半与中国有关。中方实施的“猎狐 ...展开全文c,113,1071,120
154,外交部发言人办公室,2020/7/8 20:02,微博视频,"【赵立坚：中方对涉藏问题上表现恶劣的美方人员实施签证限制】“外交部发言人办公室”消息，在7月8日外交部例行记者会上，有记者问：据报道，近日，美国务卿蓬佩奥宣布实施“对等进入西藏法”，称将对中国政府及相关官员采取签证限制措施。中方对此有何回应？
赵立坚：中方对美方有关举措表示坚决 ...展开全文c",30,579,55
155,外交部发言人办公室,2020/7/8 19:59,微博视频,"【美国启动退出世卫组织程序　赵立坚：美国毁约退群的又一例证】“外交部发言人办公室”消息，在7月8日外交部例行记者会上，有记者问：据报道，美国国务院发言人7日称，特朗普总统已正式通知联合国秘书长古特雷斯，其已启动美国退出世卫组织程序。同日，古的发言人确认了该消息。中方对此有何评论？
...展开全文c",25,455,37
156,外交部发言人办公室,2020/6/29 20:32,搜狗高速浏览器,【媒体曝光澳情报部门长期在华从事间谍活动　赵立坚：恐怕只是“冰山一角”】“外交部发言人办公室”消息，在6月29日外交部例行记者会上，有记者问：《环球时报》今天报道称，澳大利亚安全情报部门长期在中国从事间谍活动，包括在华设立情报站、在中国驻澳使馆安装窃听器、以外交官身份从事间谍活动、 ...展开全文c,82,866,87
157,外交部发言人办公室,2020/6/29 20:27,搜狗高速浏览器,"【蓬佩奥再诬称中方隐瞒疫情　赵立坚：中美到底谁坚持“人民至上、生命至上”，一目了然】“外交部发言人办公室”消息，在6月29日外交部例行记者会上，有记者问：美国国务卿蓬佩奥再次公开指责中国隐瞒疫情真相，并称这与中方“坚持人民至上、生命至上”的承诺不符。中方对此有何评论？
赵立坚：新 ...展开全文c",102,870,136
158,外交部发言人办公室,2020/6/29 20:17,搜狗高速浏览器,【蓬佩奥称中国造成非洲债务负担　赵立坚：谁把债务问题政治化，非洲国家看得很清楚】“外交部发言人办公室”消息，在6月29日外交部例行记者会上，有记者问：据报道，美国国务卿蓬佩奥6月24日发表声明，对中方在中非团结抗疫特别峰会上作出的承诺进行指责，声称中共向世界隐瞒新冠肺炎真相，造成非洲国 ...展开全文c,39,484,评论
159,外交部发言人办公室,2020/6/29 20:13,搜狗高速浏览器,"【赵立坚：中方决定对在涉港问题上表现恶劣的美方人员实施签证限制】“外交部发言人办公室”消息，在6月29日外交部例行记者会上，有记者问：日前，美方宣布对中方有关涉港官员等实施签证限制。中方对此有何评论？
赵立坚：香港国家安全立法问题纯属中国内政，任何外国对此无权干涉。中国政府维护国 ...展开全文c",76,728,80
160,外交部发言人办公室,2020/6/25 14:28,微博 weibo.com,【双语】例行记者会/Regular Press Conference（2020-6-24）#跟我看外交# #与发言人相约蓝厅#   °【双语】例行记者会/Regular Press Conferenc...,46,281,79
161,外交部发言人办公室,2020/6/24 20:58,微博视频,"#赵立坚澄清加勒万河谷冲突事件真相#“外交部发言人办公室”消息，在6月24日外交部例行记者会上，赵立坚说：
近期，中印边界西段加勒万河谷冲突事件引发国内外广泛关注。6月19日，我已经详细介绍了事件的来龙去脉。此次事件的是非曲直十分清楚，责任完全不在中方。
首先，是印度边防部队非法越 ...展开全文c",678,4488,342
162,外交部发言人办公室,2020/6/24 20:45,微博视频,【康明凯妻子称加司法部长有权随时终止孟晚舟引渡程序　赵立坚：加政府可根据自身法律秉公执法】“外交部发言人办公室”消息，在6月24日外交部例行记者会上，有记者问：一些加拿大官员和法律专家认为，加拿大可以合法地释放孟晚舟，只不过这可能会损害加拿大的民主体系和司法公正。中方对此有何回应？ ...展开全文c,39,681,56
163,外交部发言人办公室,2020/6/24 20:38,微博视频,【赵立坚：蓬佩奥从哪里来的底气和勇气？】#跟我看外交##与发言人相约蓝厅#  L外交部发言人办公室的微博视频,71,818,91
164,外交部发言人办公室,2020/6/24 20:35,微博视频,【赵立坚：你永远无法叫醒装睡的蓬佩奥】#跟我看外交##与发言人相约蓝厅#  L外交部发言人办公室的微博视频,86,1184,99
165,外交部发言人办公室,2020/6/24 10:27,微博 weibo.com,【双语】例行记者会/Regular Press Conference（2020-6-23）#跟我看外交# #与发言人相约蓝厅#   °【双语】例行记者会/Regular Press Conferenc...,37,217,57
166,外交部发言人办公室,2020/6/23 18:53,微博视频,【蓬佩奥称中方“任意”逮捕拘留加公民出于政治动机　赵立坚：如此双标 刷新认识下限】“外交部发言人办公室”消息，在6月23日外交部例行记者会上，有记者问：6月22日，美国务卿蓬佩奥发声明称，美对中国决定正式起诉康明凯和迈克尔极为关切。中方指控出于政治动机。美与加方站在一起，呼吁中方立即释 ...展开全文c,198,1660,248
167,外交部发言人办公室,2020/6/23 18:50,微博视频,【美方在美俄谈判桌摆放错版中国国旗　赵立坚：做好家庭作业 不要贻笑大方】“外交部发言人办公室”消息，在6月23日外交部例行记者会上，有记者问：据报道，22日，美国、俄罗斯在维也纳举行新一轮军控对话。美军控事务特使比林斯利在推特发布谈判桌上中国国旗的图片并称，维也纳对话即将开始，中国没有 ...展开全文c,177,1137,124
168,外交部发言人办公室,2020/6/23 18:44,微博视频,"【中印举行第二次军长级会谈　赵立坚：双方同意推动事态降温】“外交部发言人办公室”消息，在6月23日外交部例行记者会上，有记者问：据报道，22日，印度军方消息人士称，印中当日举行了11个小时的军长级会谈，双方就当前边境事态交换了意见。中方能否证实并提供有关信息？
赵立坚：6月22日，中印 ...展开全文c",37,408,69
169,外交部发言人办公室,2020/6/23 18:43,微博视频,【美国再列管四家中国媒体在美机构为“外国使团”　赵立坚：立即停止损人不利己的错误做法】“外交部发言人办公室”消息，在6月23日外交部例行记者会上，有记者问：美国国务院发言人22日宣布，美将中国中央电视台、中新社、《人民日报》、《环球时报》四家中国媒体在美机构列管为“外国使团”。中方对 ...展开全文c,71,943,160
170,外交部发言人办公室,2020/6/23 10:26,微博 weibo.com,【双语】例行记者会/Regular Press Conference（2020-6-22） #跟我看外交# #与发言人相约蓝厅#  °【双语】例行记者会/Regular Press Conferenc...,33,203,35
171,外交部发言人办公室,2020/6/13 11:04,微博 weibo.com,【双语】例行记者会/Regular Press Conference（2020-6-12）#跟我看外交# #与发言人相约蓝厅# °【双语】例行记者会/Regular Press Conferenc...,47,342,74
172,外交部发言人办公室,2020/6/12 20:06,微博 weibo.com,华春莹：美方应邀请世卫组织专家赴美考察 #跟我看外交##与发言人相约蓝厅#  °华春莹：美方应邀请世卫组织专家赴美考察,61,721,90
173,外交部发言人办公室,2020/6/12 20:05,微博 weibo.com,朝美领导人新加坡会晤两周年 华春莹：既要“坐而论道”，更要“起而行之” #跟我看外交##与发言人相约蓝厅#   °华春莹：既要“坐而论道”，更要“起而行之”,28,339,31
174,外交部发言人办公室,2020/6/12 19:33,微博 weibo.com,华春莹：英方应尊重中国维护自身主权、安全和统一的正当权利 　#跟我看外交##与发言人相约蓝厅#  °华春莹：英方应尊重中国维护自身主权、安全和...,39,444,46
175,外交部发言人办公室,2020/6/12 19:32,微博 weibo.com,华春莹：外部势力越是对香港事务横加干涉，中方推进香港国安立法的决心越是坚定不移 　#跟我看外交##与发言人相约蓝厅#  °华春莹：中方推进香港国安立法的决心坚定不移,转发,47,评论
176,外交部发言人办公室,2020/6/12 9:49,微博 weibo.com,【双语】例行记者会/Regular Press Conference（2020-6-11）#跟我看外交# #与发言人相约蓝厅# °【双语】例行记者会/Regular Press Conferenc...,34,234,48
177,外交部发言人办公室,2020/6/11 18:56,微博 weibo.com,通过停车场汽车数量推断疫情发生时间　华春莹：可笑现象背后的操弄不可笑　#跟我看外交##与发言人相约蓝厅# °华春莹：可笑现象背后的操弄不可笑,84,780,118
178,外交部发言人办公室,2020/6/11 10:27,微博 weibo.com,【双语】例行记者会/Regular Press Conference（2020-6-10）#跟我看外交# #与发言人相约蓝厅# °【双语】例行记者会/Regular Press Conferenc...,38,244,49
179,外交部发言人办公室,2020/6/10 18:24,微博 weibo.com,澳战略政策研究所炮制抹黑中国报告　华春莹：拿美国经费的反华势力“急先锋”　#跟我看外交##与发言人相约蓝厅# °华春莹：拿美国经费的反华势力“急先锋”,45,731,97
180,外交部发言人办公室,2020/6/10 18:20,微博 weibo.com,华春莹：在美方一些人看来，不听美国话攻击中国就是受到了中国的胁迫　#跟我看外交##与发言人相约蓝厅# °华春莹：在美方一些人看来，不听美国话攻击中...,48,727,85
181,外交部发言人办公室,2020/6/10 10:34,微博 weibo.com,【双语】例行记者会/Regular Press Conference（2020-6-9）#跟我看外交# #与发言人相约蓝厅#  °【双语】例行记者会/Regular Press Conferenc...,36,1594,180
182,外交部发言人办公室,2020/6/9 18:06,微博 weibo.com,中新“快捷通道”正式启动#跟我看外交# #与发言人相约蓝厅#  °中新“快捷通道”正式启动,21,1369,230
183,外交部发言人办公室,2020/6/9 18:06,微博 weibo.com,华春莹：赞赏洛钦外长积极表态 愿同菲方深化全面合作#跟我看外交# #与发言人相约蓝厅#  °华春莹：赞赏洛钦外长积极表态 愿同菲方深化...,14,424,47
184,外交部发言人办公室,2020/6/9 18:06,微博 weibo.com,华春莹：让政治病毒及幕后黑手在阳光下无处遁形#跟我看外交# #与发言人相约蓝厅#  °华春莹：让政治病毒及幕后黑手在阳光下无处遁形,45,704,67
185,外交部发言人办公室,2020/6/9 10:44,微博 weibo.com,【双语】例行记者会/Regular Press Conference（2020-6-8）#跟我看外交# #与发言人相约蓝厅# °【双语】例行记者会/Regular Press Conferenc...,36,267,55
186,外交部发言人办公室,2020/5/27 17:48,微博 weibo.com,拉夫罗夫外长表示涉港问题完全是中国内政　赵立坚：完全同意 高度赞赏  #跟我看外交# #与发言人相约蓝厅#  °赵立坚：完全同意 高度赞赏,41,452,30
187,外交部发言人办公室,2020/5/27 9:57,微博 weibo.com,【双语】例行记者会/Regular Press Conference（2020-5-26）#跟我看外交##与发言人相约蓝厅#    °【双语】例行记者会/Regular Press Conferenc...,36,208,65
188,外交部发言人办公室,2020/5/26 21:00,微博 weibo.com,#跟我看外交#【韩语】官方发布：王毅国务委员兼外长2020年两会记者会（全文）O【韩语】官方发布：王毅国务委员兼外长2020年...,34,214,39
189,外交部发言人办公室,2020/5/26 20:59,微博 weibo.com,#跟我看外交#【日语】官方发布：王毅国务委员兼外长2020年两会记者会（全文）O【日语】官方发布：王毅国务委员兼外长2020年...,40,206,22
190,外交部发言人办公室,2020/5/26 20:58,微博 weibo.com,#跟我看外交#【阿语】官方发布：王毅国务委员兼外长2020年两会记者会（全文）O【阿语】官方发布：王毅国务委员兼外长2020年...,19,161,16
191,外交部发言人办公室,2020/5/26 20:57,微博 weibo.com,#跟我看外交#【俄语2/2】官方发布：王毅国务委员兼外长2020年两会记者会（全文）O【俄语2/2】官方发布：王毅国务委员兼外长202...,22,149,12
192,外交部发言人办公室,2020/5/26 20:56,微博 weibo.com,#跟我看外交#【俄语1/2】官方发布：王毅国务委员兼外长2020年两会记者会（全文）O【俄语1/2】官方发布：王毅国务委员兼外长202...,16,125,9
193,外交部发言人办公室,2020/5/26 20:54,微博 weibo.com,#跟我看外交#【西语】官方发布：王毅国务委员兼外长2020年两会记者会（全文）O【西语】官方发布：王毅国务委员兼外长2020年...,18,123,14
194,外交部发言人办公室,2020/5/26 20:53,微博 weibo.com,#跟我看外交#【法语】官方发布：王毅国务委员兼外长2020年两会记者会（全文）O【法语】官方发布：王毅国务委员兼外长2020年...,18,144,12
195,外交部发言人办公室,2020/5/26 17:40,微博 weibo.com,赵立坚：中国向赤道几内亚派出医疗专家组　生动体现中赤几人民和中非人民间的深情厚谊　#跟我看外交# #与发言人相约蓝厅# °赵立坚：中国向赤道几内亚派出医疗专家组,35,378,72
196,外交部发言人办公室,2020/5/26 17:36,微博 weibo.com,赵立坚：团结合作才是人类战胜疫情的最有力武器　#跟我看外交# #与发言人相约蓝厅# °赵立坚：团结合作才是人类战胜疫情的最有力武器,35,280,38
197,外交部发言人办公室,2020/5/26 10:35,微博 weibo.com,【双语】例行记者会/Regular Press Conference（2020-5-25）#跟我看外交##与发言人相约蓝厅#   °【双语】例行记者会/Regular Press Conferenc...,34,271,60
198,外交部发言人办公室,2020/5/25 19:09,微博 weibo.com,#跟我看外交# 【中英双语+视频】官方发布：王毅国务委员兼外长2020年两会记者会（全文）O【中英双语+视频】官方发布：王毅国务委员兼...,185,620,106
199,外交部发言人办公室,2020/5/25 10:21,搜狗高速浏览器,#跟我看外交# 【中英双语】2020年两会记者会，王毅都讲了哪些精彩语句？O【中英双语】2020年两会记者会，王毅都讲了哪...,161,1262,175
200,外交部发言人办公室,2020/5/25 10:21,搜狗高速浏览器,#跟我看外交#【中法双语】2020年两会记者会，王毅都讲了哪些精彩语句？O【中法双语】2020年两会记者会，王毅都讲了哪...,32,185,31
201,外交部发言人办公室,2020/5/24 16:25,微博 weibo.com,转发微博,6,26,16
202,外交部发言人办公室,2020/5/24 16:18,微博 weibo.com,转发微博,8,31,12
203,外交部发言人办公室,2020/5/24 16:14,微博 weibo.com,转发微博,1,19,6
204,外交部发言人办公室,2020/5/24 16:14,微博 weibo.com,转发微博,6,16,6
205,外交部发言人办公室,2020/5/24 16:12,微博 weibo.com,转发微博,14,46,20
206,外交部发言人办公室,2020/5/24 16:10,微博 weibo.com,转发微博,13,42,23
207,外交部发言人办公室,2020/5/24 16:02,微博 weibo.com,转发微博,5,20,14
208,外交部发言人办公室,2020/5/24 16:00,微博 weibo.com,转发微博,6,508,6
209,外交部发言人办公室,2020/5/24 15:57,微博 weibo.com,转发微博,6,26,4
210,外交部发言人办公室,2020/5/24 15:56,微博 weibo.com,转发微博,6,18,15
211,外交部发言人办公室,2020/5/24 15:52,微博 weibo.com,转发微博,8,103,13
212,外交部发言人办公室,2020/5/24 15:52,微博 weibo.com,转发微博,4,19,8
213,外交部发言人办公室,2020/5/24 15:48,微博 weibo.com,转发微博,1,22,10
214,外交部发言人办公室,2020/5/24 15:45,微博 weibo.com,转发微博,8,31,9
215,外交部发言人办公室,2020/5/24 15:44,微博 weibo.com,转发微博,2,19,8
216,外交部发言人办公室,2020/5/20 18:18,微博视频,"【赵立坚：病毒溯源政治化没有市场】“外交部发言人办公室”消息，在5月20日外交部例行记者会上，有记者问：第73届世界卫生大会通过了欧盟提出的应对新冠疫情决议，中方对此有何评论？中方为何参加共同提案国？
赵立坚：第73届世界卫生大会于5月19日协商一致通过了新冠疫情决议。中方表示欢迎。
...展开全文c",57,492,52
